timestamp,depth_m,heart_rate_bpm,temp_c
2026-10-08T09:00:00.000Z,0,75,22
2026-10-08T09:00:01.000Z,0.9,74,21.8
2026-10-08T09:00:02.000Z,1.8,74,21.6
2026-10-08T09:00:03.000Z,2.7,73,21.4
2026-10-08T09:00:04.000Z,3.6,72,21.1
2026-10-08T09:00:05.000Z,4.5,71,20.9
2026-10-08T09:00:06.000Z,5.4,71,20.7
2026-10-08T09:00:07.000Z,6.3,70,20.5
2026-10-08T09:00:08.000Z,7.2,69,20.3
2026-10-08T09:00:09.000Z,8.1,69,20.1
2026-10-08T09:00:10.000Z,9,68,19.8
2026-10-08T09:00:11.000Z,9.9,67,19.6
2026-10-08T09:00:12.000Z,10.8,66,19.4
2026-10-08T09:00:13.000Z,11.7,66,19.2
2026-10-08T09:00:14.000Z,12.6,65,19
2026-10-08T09:00:15.000Z,13.5,64,18.8
2026-10-08T09:00:16.000Z,14.4,63,18.5
2026-10-08T09:00:17.000Z,15.3,63,18.3
2026-10-08T09:00:18.000Z,16.2,62,18.1
2026-10-08T09:00:19.000Z,17.1,61,17.9
2026-10-08T09:00:20.000Z,18,61,17.7
2026-10-08T09:00:21.000Z,18.9,60,17.5
2026-10-08T09:00:22.000Z,19.8,59,17.2
2026-10-08T09:00:23.000Z,20.7,58,17
2026-10-08T09:00:24.000Z,21.6,58,16.8
2026-10-08T09:00:25.000Z,22.5,57,16.6
2026-10-08T09:00:26.000Z,23.4,56,16.4
2026-10-08T09:00:27.000Z,24.3,56,16.2
2026-10-08T09:00:28.000Z,25,55,16
2026-10-08T09:00:29.000Z,25,55,16
2026-10-08T09:00:30.000Z,25,55,16
2026-10-08T09:00:31.000Z,25,55,16
2026-10-08T09:00:32.000Z,25,55,16
2026-10-08T09:00:33.000Z,24.9,55,16
2026-10-08T09:00:34.000Z,24.47,55,16.1
2026-10-08T09:00:35.000Z,24.03,56,16.2
2026-10-08T09:00:36.000Z,23.59,56,16.3
2026-10-08T09:00:37.000Z,23.16,56,16.4
2026-10-08T09:00:38.000Z,22.72,57,16.5
2026-10-08T09:00:39.000Z,22.28,57,16.7
2026-10-08T09:00:40.000Z,21.84,58,16.8
2026-10-08T09:00:41.000Z,21.41,58,16.9
2026-10-08T09:00:42.000Z,20.97,58,17
2026-10-08T09:00:43.000Z,20.53,59,17.1
2026-10-08T09:00:44.000Z,20.1,59,17.2
2026-10-08T09:00:45.000Z,19.66,59,17.3
2026-10-08T09:00:46.000Z,19.22,60,17.4
2026-10-08T09:00:47.000Z,18.79,60,17.5
2026-10-08T09:00:48.000Z,18.35,60,17.6
2026-10-08T09:00:49.000Z,17.91,61,17.7
2026-10-08T09:00:50.000Z,17.48,61,17.8
2026-10-08T09:00:51.000Z,17.04,61,17.9
2026-10-08T09:00:52.000Z,16.6,62,18
2026-10-08T09:00:53.000Z,16.17,62,18.1
2026-10-08T09:00:54.000Z,15.73,62,18.2
2026-10-08T09:00:55.000Z,15.29,63,18.3
2026-10-08T09:00:56.000Z,14.85,63,18.4
2026-10-08T09:00:57.000Z,14.42,63,18.5
2026-10-08T09:00:58.000Z,13.98,64,18.6
2026-10-08T09:00:59.000Z,13.54,64,18.8
2026-10-08T09:01:00.000Z,13.11,65,18.9
2026-10-08T09:01:01.000Z,12.67,65,19
2026-10-08T09:01:02.000Z,12.23,65,19.1
2026-10-08T09:01:03.000Z,11.8,66,19.2
2026-10-08T09:01:04.000Z,11.36,66,19.3
2026-10-08T09:01:05.000Z,10.92,66,19.4
2026-10-08T09:01:06.000Z,10.49,67,19.5
2026-10-08T09:01:07.000Z,10.05,67,19.6
2026-10-08T09:01:08.000Z,9.61,67,19.7
2026-10-08T09:01:09.000Z,9.17,68,19.8
2026-10-08T09:01:10.000Z,8.74,68,19.9
2026-10-08T09:01:11.000Z,8.3,68,20
2026-10-08T09:01:12.000Z,7.86,69,20.1
2026-10-08T09:01:13.000Z,7.43,69,20.2
2026-10-08T09:01:14.000Z,6.99,69,20.3
2026-10-08T09:01:15.000Z,6.55,70,20.4
2026-10-08T09:01:16.000Z,6.12,70,20.5
2026-10-08T09:01:17.000Z,5.68,70,20.6
2026-10-08T09:01:18.000Z,5.24,71,20.7
2026-10-08T09:01:19.000Z,4.81,71,20.8
2026-10-08T09:01:20.000Z,4.37,72,21
2026-10-08T09:01:21.000Z,3.93,72,21.1
2026-10-08T09:01:22.000Z,3.5,72,21.2
2026-10-08T09:01:23.000Z,3.06,73,21.3
2026-10-08T09:01:24.000Z,2.62,73,21.4
2026-10-08T09:01:25.000Z,2.18,73,21.5
2026-10-08T09:01:26.000Z,1.75,74,21.6
2026-10-08T09:01:27.000Z,1.31,74,21.7
2026-10-08T09:01:28.000Z,0.87,74,21.8
2026-10-08T09:01:29.000Z,0.44,75,21.9
2026-10-08T09:01:30.000Z,0,75,22
