time,speed_mps,cadence_rpm,elevation_m,heart_rate_bpm
0,8,85,200,140
1,8.16,85,200.2,140
2,8.32,86,200.3,140
3,8.48,86,200.5,141
4,8.63,87,200.6,141
5,8.76,87,200.8,141
6,8.89,87,200.9,141
7,9,88,201.1,141
8,9.1,88,201.3,142
9,9.18,89,201.4,142
10,9.25,89,201.6,142
11,9.3,89,201.7,142
12,9.33,89,201.9,142
13,9.35,90,202,143
14,9.35,90,202.2,143
15,9.34,90,202.3,143
16,9.32,90,202.5,143
17,9.29,91,202.7,143
18,9.26,91,202.8,144
19,9.22,91,203,144
20,9.17,91,203.1,144
21,9.13,91,203.3,144
22,9.09,91,203.4,144
23,9.05,91,203.6,145
24,9.02,91,203.7,145
25,9,91,203.9,145
26,8.99,91,204,145
27,8.99,91,204.2,145
28,8.99,91,204.3,146
29,9.01,90,204.5,146
30,9.04,90,204.6,146
31,9.07,90,204.8,146
32,9.12,90,204.9,146
33,9.17,89,205.1,146
34,9.22,89,205.2,147
35,9.28,89,205.4,147
36,9.34,89,205.5,147
37,9.4,88,205.7,147
38,9.45,88,205.8,147
39,9.5,87,206,147
40,9.54,87,206.1,147
41,9.57,87,206.2,148
42,9.59,86,206.4,148
43,9.59,86,206.5,148
44,9.58,85,206.7,148
45,9.55,85,206.8,148
46,9.5,85,206.9,148
47,9.44,84,207.1,148
48,9.36,84,207.2,148
49,9.26,83,207.4,149
50,9.15,83,207.5,149
51,9.03,83,207.6,149
52,8.89,82,207.8,149
53,8.74,82,207.9,149
54,8.59,81,208,149
55,8.43,81,208.2,149
56,8.27,81,208.3,149
57,8.11,81,208.4,149
58,7.95,80,208.6,149
59,7.8,80,208.7,149
60,7.65,80,208.8,150
61,7.52,80,208.9,150
62,7.4,79,209.1,150
63,7.29,79,209.2,150
64,7.19,79,209.3,150
65,7.11,79,209.4,150
66,7.05,79,209.6,150
67,7,79,209.7,150
68,6.96,79,209.8,150
69,6.94,79,209.9,150
70,6.94,79,210,150
71,6.94,79,210.2,150
72,6.95,79,210.3,150
73,6.97,79,210.4,150
74,7,80,210.5,150
75,7.02,80,210.6,150
76,7.05,80,210.7,150
77,7.08,80,210.8,150
78,7.1,81,210.9,150
79,7.12,81,211,150
80,7.13,81,211.1,150
81,7.13,81,211.3,150
82,7.12,82,211.4,150
83,7.1,82,211.5,150
84,7.07,83,211.6,150
85,7.03,83,211.7,150
86,6.98,83,211.8,150
87,6.92,84,211.9,150
88,6.85,84,211.9,150
89,6.78,85,212,150
90,6.71,85,212.1,150
91,6.63,85,212.2,149
92,6.55,86,212.3,149
93,6.48,86,212.4,149
94,6.41,87,212.5,149
95,6.35,87,212.6,149
96,6.29,87,212.7,149
97,6.25,88,212.7,149
98,6.23,88,212.8,149
99,6.22,89,212.9,149
100,6.22,89,213,149
101,6.25,89,213.1,149
102,6.29,89,213.1,148
103,6.35,90,213.2,148
104,6.42,90,213.3,148
105,6.51,90,213.4,148
106,6.62,90,213.4,148
107,6.74,91,213.5,148
108,6.87,91,213.6,148
109,7.02,91,213.6,148
110,7.17,91,213.7,147
111,7.32,91,213.8,147
112,7.47,91,213.8,147
113,7.63,91,213.9,147
114,7.78,91,213.9,147
115,7.93,91,214,147
116,8.06,91,214.1,147
117,8.19,91,214.1,146
118,8.31,91,214.2,146
119,8.41,90,214.2,146
120,8.5,90,214.3,146
121,8.57,90,214.3,146
122,8.63,90,214.4,146
123,8.68,89,214.4,145
124,8.71,89,214.4,145
125,8.73,89,214.5,145
126,8.74,89,214.5,145
127,8.74,88,214.6,145
128,8.74,88,214.6,144
129,8.72,87,214.6,144
130,8.71,87,214.7,144
131,8.69,87,214.7,144
132,8.68,86,214.7,144
133,8.66,86,214.8,143
134,8.66,85,214.8,143
135,8.66,85,214.8,143
136,8.67,85,214.8,143
137,8.69,84,214.9,143
138,8.72,84,214.9,142
139,8.76,83,214.9,142
140,8.81,83,214.9,142
141,8.87,83,214.9,142
142,8.94,82,214.9,142
143,9.03,82,215,141
144,9.11,81,215,141
145,9.21,81,215,141
146,9.3,81,215,141
147,9.4,81,215,141
148,9.49,80,215,140
149,9.58,80,215,140
150,9.67,80,215,140
151,9.74,80,215,140
152,9.81,79,215,140
153,9.86,79,215,139
154,9.89,79,215,139
155,9.91,79,215,139
156,9.92,79,215,139
157,9.9,79,215,139
158,9.87,79,214.9,138
159,9.81,79,214.9,138
160,9.75,79,214.9,138
161,9.66,79,214.9,138
162,9.56,79,214.9,138
163,9.45,79,214.9,137
164,9.32,80,214.8,137
165,9.19,80,214.8,137
166,9.05,80,214.8,137
167,8.9,80,214.8,137
168,8.76,81,214.7,136
169,8.61,81,214.7,136
170,8.47,81,214.7,136
171,8.34,81,214.6,136
172,8.21,82,214.6,136
173,8.09,82,214.6,135
174,7.99,83,214.5,135
175,7.89,83,214.5,135
176,7.81,83,214.4,135
177,7.75,84,214.4,135
178,7.69,84,214.4,134
179,7.65,85,214.3,134
180,7.62,85,214.3,134
181,7.61,85,214.2,134
182,7.6,86,214.2,134
183,7.6,86,214.1,134
184,7.6,87,214.1,133
185,7.61,87,214,133
186,7.62,87,213.9,133
187,7.63,88,213.9,133
188,7.63,88,213.8,133
189,7.63,89,213.8,133
190,7.63,89,213.7,133
191,7.61,89,213.6,132
192,7.58,89,213.6,132
193,7.54,90,213.5,132
194,7.5,90,213.4,132
195,7.44,90,213.4,132
196,7.36,90,213.3,132
197,7.28,91,213.2,132
198,7.19,91,213.1,132
199,7.09,91,213.1,131
200,6.98,91,213,131
201,6.87,91,212.9,131
202,6.76,91,212.8,131
203,6.64,91,212.7,131
204,6.53,91,212.7,131
205,6.43,91,212.6,131
206,6.33,91,212.5,131
207,6.24,91,212.4,131
208,6.16,91,212.3,131
209,6.1,90,212.2,131
210,6.05,90,212.1,130
211,6.02,90,212,130
212,6.01,90,211.9,130
213,6.02,89,211.9,130
214,6.04,89,211.8,130
215,6.09,89,211.7,130
216,6.15,89,211.6,130
217,6.22,88,211.5,130
218,6.32,88,211.4,130
219,6.42,87,211.3,130
220,6.53,87,211.1,130
221,6.66,87,211,130
222,6.79,86,210.9,130
223,6.92,86,210.8,130
224,7.05,85,210.7,130
225,7.18,85,210.6,130
226,7.31,85,210.5,130
227,7.43,84,210.4,130
228,7.54,84,210.3,130
229,7.65,83,210.2,130
230,7.74,83,210,130
231,7.82,83,209.9,130
232,7.89,82,209.8,130
233,7.94,82,209.7,130
234,7.98,81,209.6,130
235,8.01,81,209.4,130
236,8.03,81,209.3,130
237,8.05,81,209.2,130
238,8.05,80,209.1,130
239,8.05,80,208.9,130
240,8.04,80,208.8,130
241,8.04,80,208.7,131
242,8.03,79,208.6,131
243,8.03,79,208.4,131
244,8.03,79,208.3,131
245,8.04,79,208.2,131
246,8.06,79,208,131
247,8.09,79,207.9,131
248,8.13,79,207.8,131
249,8.19,79,207.6,131
250,8.25,79,207.5,131
251,8.33,79,207.4,131
252,8.42,79,207.2,132
253,8.52,79,207.1,132
254,8.63,80,206.9,132
255,8.75,80,206.8,132
256,8.87,80,206.7,132
257,9,80,206.5,132
258,9.13,81,206.4,132
259,9.26,81,206.2,132
260,9.38,81,206.1,133
261,9.5,81,206,133
262,9.61,82,205.8,133
263,9.71,82,205.7,133
264,9.8,83,205.5,133
265,9.87,83,205.4,133
266,9.93,83,205.2,133
267,9.97,84,205.1,134
268,9.99,84,204.9,134
269,9.99,85,204.8,134
270,9.98,85,204.6,134
271,9.94,85,204.5,134
272,9.89,86,204.3,134
273,9.83,86,204.2,135
274,9.75,87,204,135
275,9.65,87,203.9,135
276,9.55,87,203.7,135
277,9.44,88,203.6,135
278,9.33,88,203.4,136
279,9.21,89,203.3,136
280,9.09,89,203.1,136
281,8.98,89,203,136
282,8.87,89,202.8,136
283,8.76,90,202.7,137
284,8.67,90,202.5,137
285,8.58,90,202.3,137
286,8.51,90,202.2,137
287,8.44,91,202,137
288,8.39,91,201.9,138
289,8.35,91,201.7,138
290,8.32,91,201.6,138
291,8.31,91,201.4,138
292,8.3,91,201.3,138
293,8.29,91,201.1,139
294,8.3,91,200.9,139
295,8.3,91,200.8,139
296,8.31,91,200.6,139
297,8.32,91,200.5,139
298,8.32,91,200.3,140
299,8.32,90,200.2,140
300,8.31,90,200,140
301,8.3,90,199.8,140
302,8.27,90,199.7,140
303,8.23,89,199.5,141
304,8.18,89,199.4,141
305,8.11,89,199.2,141
306,8.03,89,199.1,141
307,7.94,88,198.9,141
308,7.84,88,198.7,142
309,7.72,87,198.6,142
310,7.6,87,198.4,142
311,7.46,87,198.3,142
312,7.32,86,198.1,142
313,7.18,86,198,143
314,7.04,85,197.8,143
315,6.9,85,197.7,143
316,6.76,85,197.5,143
317,6.63,84,197.3,143
318,6.51,84,197.2,144
319,6.4,83,197,144
320,6.3,83,196.9,144
321,6.22,83,196.7,144
322,6.15,82,196.6,144
323,6.1,82,196.4,145
324,6.07,81,196.3,145
325,6.06,81,196.1,145
326,6.07,81,196,145
327,6.09,81,195.8,145
328,6.13,80,195.7,146
329,6.19,80,195.5,146
330,6.26,80,195.4,146
331,6.34,80,195.2,146
332,6.42,79,195.1,146
333,6.52,79,194.9,146
334,6.62,79,194.8,147
335,6.72,79,194.6,147
336,6.82,79,194.5,147
337,6.91,79,194.3,147
338,7.01,79,194.2,147
339,7.09,79,194,147
340,7.16,79,193.9,147
341,7.23,79,193.8,148
342,7.29,79,193.6,148
343,7.33,79,193.5,148
344,7.36,80,193.3,148
345,7.39,80,193.2,148
346,7.4,80,193.1,148
347,7.4,80,192.9,148
348,7.4,81,192.8,148
349,7.39,81,192.6,149
350,7.38,81,192.5,149
351,7.36,81,192.4,149
352,7.35,82,192.2,149
353,7.34,82,192.1,149
354,7.33,83,192,149
355,7.33,83,191.8,149
356,7.34,83,191.7,149
357,7.36,84,191.6,149
358,7.4,84,191.4,149
359,7.44,85,191.3,149
360,7.5,85,191.2,150
361,7.58,85,191.1,150
362,7.67,86,190.9,150
363,7.77,86,190.8,150
364,7.89,87,190.7,150
365,8.01,87,190.6,150
366,8.15,87,190.4,150
367,8.29,88,190.3,150
368,8.44,88,190.2,150
369,8.6,89,190.1,150
370,8.75,89,190,150
371,8.9,89,189.8,150
372,9.05,89,189.7,150
373,9.19,90,189.6,150
374,9.32,90,189.5,150
375,9.44,90,189.4,150
376,9.54,90,189.3,150
377,9.63,91,189.2,150
378,9.7,91,189.1,150
379,9.76,91,189,150
380,9.79,91,188.9,150
381,9.81,91,188.7,150
382,9.82,91,188.6,150
383,9.8,91,188.5,150
384,9.77,91,188.4,150
385,9.73,91,188.3,150
386,9.67,91,188.2,150
387,9.61,91,188.1,150
388,9.53,91,188.1,150
389,9.46,90,188,150
390,9.37,90,187.9,150
391,9.29,90,187.8,149
392,9.21,90,187.7,149
393,9.14,89,187.6,149
394,9.07,89,187.5,149
395,9,89,187.4,149
396,8.95,89,187.3,149
397,8.9,88,187.3,149
398,8.87,88,187.2,149
399,8.85,87,187.1,149
400,8.84,87,187,149
401,8.83,87,186.9,149
402,8.84,86,186.9,148
403,8.85,86,186.8,148
404,8.87,85,186.7,148
405,8.89,85,186.6,148
406,8.92,85,186.6,148
407,8.94,84,186.5,148
408,8.97,84,186.4,148
409,8.98,83,186.4,148
410,8.99,83,186.3,147
411,9,83,186.2,147
412,8.99,82,186.2,147
413,8.96,82,186.1,147
414,8.93,81,186.1,147
415,8.88,81,186,147
416,8.81,81,185.9,147
417,8.73,81,185.9,146
418,8.63,80,185.8,146
419,8.52,80,185.8,146
420,8.4,80,185.7,146
421,8.27,80,185.7,146
422,8.12,79,185.6,146
423,7.97,79,185.6,145
424,7.81,79,185.6,145
425,7.65,79,185.5,145
426,7.49,79,185.5,145
427,7.34,79,185.4,145
428,7.18,79,185.4,144
429,7.04,79,185.4,144
430,6.9,79,185.3,144
431,6.78,79,185.3,144
432,6.67,79,185.3,144
433,6.58,79,185.2,143
434,6.5,80,185.2,143
435,6.44,80,185.2,143
436,6.4,80,185.2,143
437,6.37,80,185.1,143
438,6.36,81,185.1,142
439,6.37,81,185.1,142
440,6.39,81,185.1,142
441,6.42,81,185.1,142
442,6.46,82,185.1,142
443,6.52,82,185,141
444,6.57,83,185,141
445,6.64,83,185,141
446,6.7,83,185,141
447,6.76,84,185,141
448,6.82,84,185,140
449,6.88,85,185,140
450,6.93,85,185,140
451,6.97,85,185,140
452,7,86,185,140
453,7.02,86,185,139
454,7.03,87,185,139
455,7.03,87,185,139
456,7.02,87,185,139
457,7,88,185,139
458,6.98,88,185.1,138
459,6.94,89,185.1,138
460,6.91,89,185.1,138
461,6.87,89,185.1,138
462,6.83,89,185.1,138
463,6.79,90,185.1,137
464,6.76,90,185.2,137
465,6.73,90,185.2,137
466,6.72,90,185.2,137
467,6.71,91,185.2,137
468,6.72,91,185.3,136
469,6.74,91,185.3,136
470,6.77,91,185.3,136
471,6.82,91,185.4,136
472,6.89,91,185.4,136
473,6.97,91,185.4,135
474,7.07,91,185.5,135
475,7.19,91,185.5,135
476,7.31,91,185.6,135
477,7.45,91,185.6,135
478,7.6,91,185.6,134
479,7.75,90,185.7,134
480,7.92,90,185.7,134
481,8.08,90,185.8,134
482,8.24,90,185.8,134
483,8.4,89,185.9,134
484,8.56,89,185.9,133
485,8.7,89,186,133
486,8.84,89,186.1,133
487,8.96,88,186.1,133
488,9.07,88,186.2,133
489,9.17,87,186.2,133
490,9.25,87,186.3,133
491,9.31,87,186.4,132
492,9.36,86,186.4,132
493,9.39,86,186.5,132
494,9.41,85,186.6,132
495,9.41,85,186.6,132
496,9.39,85,186.7,132
497,9.37,84,186.8,132
498,9.34,84,186.9,132
499,9.3,83,186.9,131
500,9.26,83,187,131
501,9.21,83,187.1,131
502,9.16,82,187.2,131
503,9.12,82,187.3,131
504,9.08,81,187.3,131
505,9.05,81,187.4,131
506,9.02,81,187.5,131
507,9,81,187.6,131
508,9,80,187.7,131
509,9,80,187.8,131
510,9.01,80,187.9,130
511,9.03,80,188,130
512,9.07,79,188.1,130
513,9.11,79,188.1,130
514,9.15,79,188.2,130
515,9.21,79,188.3,130
516,9.26,79,188.4,130
517,9.32,79,188.5,130
518,9.37,79,188.6,130
519,9.42,79,188.7,130
520,9.47,79,188.9,130
521,9.5,79,189,130
522,9.53,79,189.1,130
523,9.54,79,189.2,130
524,9.54,80,189.3,130
525,9.52,80,189.4,130
526,9.49,80,189.5,130
527,9.44,80,189.6,130
528,9.38,81,189.7,130
529,9.3,81,189.8,130
530,9.2,81,190,130
531,9.08,81,190.1,130
532,8.96,82,190.2,130
533,8.82,82,190.3,130
534,8.67,83,190.4,130
535,8.51,83,190.6,130
536,8.35,83,190.7,130
537,8.19,84,190.8,130
538,8.03,84,190.9,130
539,7.87,85,191.1,130
540,7.72,85,191.2,130
541,7.58,85,191.3,131
542,7.44,86,191.4,131
543,7.32,86,191.6,131
544,7.21,87,191.7,131
545,7.12,87,191.8,131
546,7.04,87,192,131
547,6.97,88,192.1,131
548,6.93,88,192.2,131
549,6.89,89,192.4,131
550,6.87,89,192.5,131
551,6.87,89,192.6,131
552,6.87,89,192.8,132
553,6.89,90,192.9,132
554,6.91,90,193.1,132
555,6.94,90,193.2,132
556,6.97,90,193.3,132
557,7,91,193.5,132
558,7.03,91,193.6,132
559,7.06,91,193.8,132
560,7.08,91,193.9,133
561,7.09,91,194,133
562,7.09,91,194.2,133
563,7.09,91,194.3,133
564,7.07,91,194.5,133
565,7.05,91,194.6,133
566,7.01,91,194.8,133
567,6.96,91,194.9,134
568,6.91,91,195.1,134
569,6.85,90,195.2,134
570,6.78,90,195.4,134
571,6.71,90,195.5,134
572,6.63,90,195.7,134
573,6.56,89,195.8,135
574,6.49,89,196,135
575,6.43,89,196.1,135
576,6.37,89,196.3,135
577,6.32,88,196.4,135
578,6.28,88,196.6,136
579,6.26,87,196.7,136
580,6.25,87,196.9,136
581,6.26,87,197,136
582,6.29,86,197.2,136
583,6.33,86,197.3,137
584,6.4,85,197.5,137
585,6.48,85,197.7,137
586,6.57,85,197.8,137
587,6.68,84,198,137
588,6.8,84,198.1,138
589,6.94,83,198.3,138
590,7.08,83,198.4,138
591,7.23,83,198.6,138
592,7.39,82,198.7,138
593,7.55,82,198.9,139
594,7.7,81,199.1,139
595,7.86,81,199.2,139
596,8,81,199.4,139
597,8.14,81,199.5,139
598,8.27,80,199.7,140
599,8.39,80,199.8,140
600,8.49,80,200,140
