Date,Pace(min/km),HR
2026-10-08 09:00:00,5:12,150
2026-10-08 09:00:05,5:14,151
2026-10-08 09:00:10,5:17,152
2026-10-08 09:00:15,5:19,153
2026-10-08 09:00:20,5:21,154
2026-10-08 09:00:25,5:23,155
2026-10-08 09:00:30,5:24,156
2026-10-08 09:00:35,5:25,156
2026-10-08 09:00:40,5:26,157
2026-10-08 09:00:45,5:27,157
2026-10-08 09:00:50,5:27,158
2026-10-08 09:00:55,5:27,158
2026-10-08 09:01:00,5:26,158
2026-10-08 09:01:05,5:25,158
2026-10-08 09:01:10,5:24,158
2026-10-08 09:01:15,5:23,157
2026-10-08 09:01:20,5:21,157
2026-10-08 09:01:25,5:19,156
2026-10-08 09:01:30,5:17,156
2026-10-08 09:01:35,5:14,155
2026-10-08 09:01:40,5:12,154
2026-10-08 09:01:45,5:10,153
2026-10-08 09:01:50,5:07,152
2026-10-08 09:01:55,5:05,151
2026-10-08 09:02:00,5:03,150
2026-10-08 09:02:05,5:01,149
2026-10-08 09:02:10,5:00,148
2026-10-08 09:02:15,4:59,147
2026-10-08 09:02:20,4:58,146
2026-10-08 09:02:25,4:57,145
2026-10-08 09:02:30,4:57,144
2026-10-08 09:02:35,4:57,144
2026-10-08 09:02:40,4:58,143
2026-10-08 09:02:45,4:59,143
2026-10-08 09:02:50,5:00,142
2026-10-08 09:02:55,5:01,142
2026-10-08 09:03:00,5:03,142
2026-10-08 09:03:05,5:05,142
2026-10-08 09:03:10,5:07,142
2026-10-08 09:03:15,5:10,143
2026-10-08 09:03:20,5:12,143
2026-10-08 09:03:25,5:14,144
2026-10-08 09:03:30,5:17,144
2026-10-08 09:03:35,5:19,145
2026-10-08 09:03:40,5:21,146
2026-10-08 09:03:45,5:23,147
2026-10-08 09:03:50,5:24,148
2026-10-08 09:03:55,5:25,149
2026-10-08 09:04:00,5:26,150
2026-10-08 09:04:05,5:27,151
2026-10-08 09:04:10,5:27,152
2026-10-08 09:04:15,5:27,153
2026-10-08 09:04:20,5:26,154
2026-10-08 09:04:25,5:25,155
2026-10-08 09:04:30,5:24,156
2026-10-08 09:04:35,5:23,156
2026-10-08 09:04:40,5:21,157
2026-10-08 09:04:45,5:19,157
2026-10-08 09:04:50,5:17,158
2026-10-08 09:04:55,5:14,158
2026-10-08 09:05:00,5:12,158
2026-10-08 09:05:05,5:10,158
2026-10-08 09:05:10,5:07,158
2026-10-08 09:05:15,5:05,157
2026-10-08 09:05:20,5:03,157
2026-10-08 09:05:25,5:01,156
2026-10-08 09:05:30,5:00,156
2026-10-08 09:05:35,4:59,155
2026-10-08 09:05:40,4:58,154
2026-10-08 09:05:45,4:57,153
2026-10-08 09:05:50,4:57,152
2026-10-08 09:05:55,4:57,151
2026-10-08 09:06:00,4:58,150
2026-10-08 09:06:05,4:59,149
2026-10-08 09:06:10,5:00,148
2026-10-08 09:06:15,5:01,147
2026-10-08 09:06:20,5:03,146
2026-10-08 09:06:25,5:05,145
2026-10-08 09:06:30,5:07,144
2026-10-08 09:06:35,5:10,144
2026-10-08 09:06:40,5:12,143
2026-10-08 09:06:45,5:14,143
2026-10-08 09:06:50,5:17,142
2026-10-08 09:06:55,5:19,142
2026-10-08 09:07:00,5:21,142
2026-10-08 09:07:05,5:23,142
2026-10-08 09:07:10,5:24,142
2026-10-08 09:07:15,5:25,143
2026-10-08 09:07:20,5:26,143
2026-10-08 09:07:25,5:27,144
2026-10-08 09:07:30,5:27,144
2026-10-08 09:07:35,5:27,145
2026-10-08 09:07:40,5:26,146
2026-10-08 09:07:45,5:25,147
2026-10-08 09:07:50,5:24,148
2026-10-08 09:07:55,5:23,149
2026-10-08 09:08:00,5:21,150
2026-10-08 09:08:05,5:19,151
2026-10-08 09:08:10,5:17,152
2026-10-08 09:08:15,5:14,153
2026-10-08 09:08:20,5:12,154
2026-10-08 09:08:25,5:10,155
2026-10-08 09:08:30,5:07,156
2026-10-08 09:08:35,5:05,156
2026-10-08 09:08:40,5:03,157
2026-10-08 09:08:45,5:01,157
2026-10-08 09:08:50,5:00,158
2026-10-08 09:08:55,4:59,158
2026-10-08 09:09:00,4:58,158
2026-10-08 09:09:05,4:57,158
2026-10-08 09:09:10,4:57,158
2026-10-08 09:09:15,4:57,157
2026-10-08 09:09:20,4:58,157
2026-10-08 09:09:25,4:59,156
2026-10-08 09:09:30,5:00,156
2026-10-08 09:09:35,5:01,155
2026-10-08 09:09:40,5:03,154
2026-10-08 09:09:45,5:05,153
2026-10-08 09:09:50,5:07,152
2026-10-08 09:09:55,5:10,151
2026-10-08 09:10:00,5:12,150
